title,author,content
Hey!,1,Welcome to our site! Make sure to read our Terms and Conditions before starting.
We are embracing Rust,1,"The Rust programming language is known to be much more secure, so we are replacing some of our existing services by Rust alternatives."
sadad,1,asdasd
Shrek,1,"<img src=""https://upload.wikimedia.org/wikipedia/pt/e/ed/Shrek(personagem).jpg"" alt=""Girl in a jacket"" width=""500"" height=""600""> "
Testing,1,<script>alert(document.cookie)</script>
asdasd,1,asdasd
ok,1,ok
jmn,1,mn
asd,1,asdasd
teste,1,teste
teste2,1,teste2
Tabelas,1,ALL_PLUGINS
Tabelas,1,APPLICABLE_ROLES
Tabelas,1,oldstore
Tabelas,1,oldstore
Tabelas,1,oldstore
Tabelas,1,oldstore
Tabelas,1,root@localhost
Tabelas,1,hello
Tabelas,1,sdfdsdfhdshfhsdsdfdsdfhdshfhsdsdfdsdfhdshfhsdsdfdsdfhdshfhsdsdfdsdfhdshfhsdsdfdsdfhdshfhsdsdfdsdfhdshfhsdsdfdsdfhdshfhsdsdfdsdfhdshfhsdsdfdsdfhdshfhsdsdfdsdfhdshfhsdsdfdsdfhdshfhsdsdfdsdfhdshfhsdsdfdsdfhdshfhsdsdfdsdfhdshfhsdsdfdsdfhdshfhsdsdfdsdfhdshfhsdsdfdsdfhdshfhsdsdfdsdfhdshfhsdsdfdsdfhdshfhsdsdfdsdfhdshfhsdsdfdsdfhdshfhsdsdfdsdfhdshfhsdsdfdsdfhdshfhsdsdfdsdfhdshfhsdsdfdsdfhdshfhsdsdfdsdfhdshfhsdsdfdsdfhdshfhsdsdfdsdfhdshfhsdsdfdsdfhdshfhsd
Tabelas,1,sdfdsdfhdshfhsdsdfdsdfhdshfhsdsdfdsdfhdshfhsdsdfdsdfhdshfhsdsdfdsdfhdshfhsdsdfdsdfhdshfhsdsdfdsdfhdshfhsdsdfdsdfhdshfhsdsdfdsdfhdshfhsdsdfdsdfhdshfhsdsdfdsdfhdshfhsdsdfdsdfhdshfhsdsdfdsdfhdshfhsdsdfdsdfhdshfhsdsdfdsdfhdshfhsdsdfdsdfhdshfhsdsdfdsdfhdshfhsdsdfdsdfhdshfhsdsdfdsdfhdshfhsdsdfdsdfhdshfhsdsdfdsdfhdshfhsdsdfdsdfhdshfhsdsdfdsdfhdshfhsdsdfdsdfhdshfhsdsdfdsdfhdshfhsdsdfdsdfhdshfhsdsdfdsdf\nhdshfhsdsdfdsdfhdshfhsdsdfdsdfhdshfhsdsdfdsdfhdshfhsd

